Timestamp,Month,Files Uploaded,Processed,Added,Duplicates,Report File
2026-05-05 18:18:38,TEST,1,36,0,36,transaction_report_TEST_20260505_181838.csv
2026-05-06 10:15:51,TEST,1,36,0,36,transaction_report_TEST_20260506_101551.csv
2026-05-06 10:27:41,TEST,1,36,0,36,transaction_report_TEST_20260506_102741.csv
2026-05-06 10:40:01,TEST,1,36,0,36,transaction_report_TEST_20260506_104001.csv
2026-05-06 10:43:53,TEST,1,36,0,36,transaction_report_TEST_20260506_104353.csv
2026-05-06 10:45:01,TEST,1,36,0,36,transaction_report_TEST_20260506_104501.csv
2026-05-06 10:49:13,TEST,1,36,0,36,transaction_report_TEST_20260506_104913.csv
2026-05-06 10:55:48,TEST,1,36,0,36,transaction_report_TEST_20260506_105548.csv
2026-05-06 11:04:58,TEST,1,36,0,36,transaction_report_TEST_20260506_110458.csv
2026-05-06 11:08:22,TEST,1,36,0,36,transaction_report_TEST_20260506_110822.csv
